ObjectID,SamplingSite,SampleNumber,pXRFSampleNumber,PbMeasurement_ppm,Longitude,Latitude,Buffer_m
12,Fisk,F1,1077,45,-87.6495460506112,41.8524923318299,400
13,Fisk,F2,1078,125,-87.6507421407814,41.8524516110866,400
14,Fisk,F3,1079,65,-87.6514439279208,41.852387802833,400
15,Fisk,F4,1080,108,-87.6519543065899,41.852396008787,200
16,Fisk,F5,1081,142,-87.6529109410641,41.8524141510784,200
17,Fisk,F6,1082,51,-87.6535001036633,41.8524329283958,200
18,Fisk,F7,1083,189,-87.6538414674055,41.8523527005099,200
19,Fisk,F8,1084,171,-87.6545333940681,41.8523510525024,200
20,Fisk,F9,1085,210,-87.655476695066,41.8523384520927,400
21,Fisk,F10,1086,44,-87.6561326503687,41.8523254204354,400
22,Cermak2,C1,1106,220,-87.6570336896896,41.8523334259865,400
23,Cermak2,C2,1107,89,-87.6576916537015,41.8522962463795,400
24,Cermak2,C3,1108,110,-87.6582933472644,41.8522875251245,600
25,Cermak2,C4,1110,370,-87.6589561559113,41.8522998668251,600
26,Cermak2,C5,1111,169,-87.6595599834776,41.8522685340824,600
27,Cermak2,C6,1112,149,-87.6601540767711,41.8522809937708,600
28,Cermak2,C7,1113,230,-87.6607411053061,41.8522763137341,800
29,Cermak2,C8,1114,196,-87.6614223291257,41.8523095748684,800
30,Cermak2,C9,1115,118,-87.6620398522323,41.8522632748888,800
31,Cermak2,C10,1116,161,-87.662670675693,41.8523077266511,600
32,Cermak2,C11,1117,151,-87.6633021030255,41.8522931701468,600
33,Cermak2,C12,1118,251,-87.6639552236047,41.8522529665958,600
34,Cermak2,C13,1119,517,-87.6646018607151,41.8522094360323,600
35,Cermak2,C14,1120,138,-87.6652346212573,41.8522048355436,600
36,Cermak2,C15,1121,308,-87.6652381812616,41.8522278264917,600
37,Cermak2,C16,1122,302,-87.6658139221207,41.8521502864868,600
38,SIMS,S1,1131,73,-87.6662596548656,41.8518965290486,400
39,SIMS,S2,1132,281,-87.6667383127784,41.8516428731918,400
40,SIMS,S3,1133,328,-87.6667030768363,41.8516504594645,400
41,SIMS,S4,1134,585,-87.6671282431462,41.8512928005756,400
42,SIMS,S5,1135,133,-87.6676345086678,41.8510617320755,400
43,SIMS,S6,1136,742,-87.6675067131849,41.8511400075054,400
44,SIMS,S7,1137,315,-87.6673422553954,41.8512207075259,400
45,SIMS,S8,1138,116,-87.6678169931489,41.8509728105134,400
46,SIMS,S9,1139,178,-87.6679984669401,41.8509050302655,400
47,SIMS,S10,1140,317,-87.6681650032874,41.8508334588458,400
48,SIMS,S11,1141,97,-87.6666096566175,41.8521731700305,400
49,SIMS,S12,1142,43,-87.6672163393184,41.8519885647887,400
50,SIMS,S13,1143,56,-87.6679154470881,41.8516909220646,400
51,SIMS,S14,1144,49,-87.6687988958354,41.8513398861008,400
52,SIMS,S15,1145,121,-87.669336580509,41.8511250849506,400
53,SIMS,S16,1146,111,-87.6699351422432,41.8508982720227,400
54,SIMS,S17,1147,91,-87.6705398092104,41.8506600489148,400
55,SIMS,S18,1148,81,-87.6713536097636,41.8503293584511,400
56,SIMS,S19,1149,39,-87.6720307581281,41.8500957360484,400
57,SIMS,S20,1150,110,-87.6725930092147,41.8498870779127,600
58,SIMS,S21,1152,44,-87.6732522392134,41.8496879357482,600
59,Paseo,P1,1160,0,-87.6498364470693,41.8541690064431,600
60,Paseo,P2,1161,191,-87.6498324881654,41.854290889406,600
61,Paseo,P3,1162,84,-87.649904282327,41.8544341097686,600
62,Paseo,P4,1163,45,-87.6498910718426,41.8545404216871,600
63,Paseo,P5,1164,89,-87.6499427995139,41.8546958720188,600
64,Paseo,P6,1165,172,-87.6499445969091,41.8548654470443,600
65,Paseo,P7,1166,0,-87.6500157343355,41.8550126740147,600
66,Paseo,P8,1167,19,-87.6499765701836,41.8551537595551,600
67,Paseo,P9,1168,44,-87.6496998326352,41.8552075536566,600
68,Paseo,P10,1169,0,-87.6497535124494,41.8550523265076,600
69,Paseo,P11,1170,0,-87.6497456790054,41.8549242843748,600
70,Paseo,P12,1171,0,-87.6497277965386,41.8547662449278,600
71,Paseo,P13,1172,0,-87.6496831941442,41.8546081994301,600
72,Paseo,P14,1173,0,-87.6496920439072,41.8545941830063,600
73,Paseo,P15,1174,134,-87.6497895875194,41.8543811679962,600
74,Paseo,P16,1175,126,-87.6497704054428,41.8542735491265,600
75,Paseo,P17,1176,384,-87.6497247601075,41.8541317561453,600
76,Paseo,P18,1177,101,-87.6497220295104,41.8540093459371,600
77,Paseo,P19,1178,13,-87.649838674647,41.8541748820554,600
78,Paseo,P20,1179,17,-87.6498861113481,41.8542261664273,600
79,Paseo,P21,1180,0,-87.6498607945938,41.8542317462119,600
80,Paseo,P22,1181,0,-87.6498374886609,41.8542439829909,600
81,Paseo,P23,1182,0,-87.6498522808856,41.8542242685047,600
82,Paseo,P24,1183,28,-87.6498427520522,41.8542154807261,600
83,Paseo,P25,1184,0,-87.6498602143181,41.8542408645867,600
84,Paseo,P26,1185,18,-87.649830140865,41.8542505764581,600
85,Paseo,P27,1186,0,-87.6498179819672,41.8542481182908,600
86,Paseo,P28,1187,11,-87.6498153889427,41.8542680141144,600
87,Paseo,P29,1188,0,-87.6498934471559,41.854274240698,600
88,Paseo,P30,1189,47,-87.6498236265671,41.8542753741239,600
89,Paseo,P31,1190,16,-87.6498193413059,41.854259343149,600
90,Paseo,P32,1191,20,-87.6498265286293,41.854291220729,600
91,Paseo,P33,1192,0,-87.6498384241839,41.8542779176832,600
92,Paseo,P34,1193,0,-87.6498393754878,41.8543190501565,600
93,Paseo,P35,1134,9,-87.6497918888416,41.8543471825541,600
94,Paseo,P36,1195,0,-87.6498093193727,41.8543548900742,600
95,Paseo,P37,1196,15,-87.649866036553,41.854456495986,600
96,Paseo,P38,1197,0,-87.6499367214281,41.8545601570983,600
97,Paseo,P39,1198,27,-87.6498970165839,41.8545296120982,600
98,Paseo,P40,1199,0,-87.6497724540745,41.8544859380368,600
99,Paseo,P41,1200,0,-87.6498489411686,41.8544944172406,600
100,Paseo,P42,1201,16,-87.6498493866354,41.8545545878853,600
101,HarrisonPark,H1,1206,234,-87.6756663666565,41.8563453361468,1200
102,HarrisonPark,H2,1207,12,-87.6754338014115,41.8565652622958,1200
103,HarrisonPark,H3,1208,0,-87.6748992103895,41.8568208778793,1200
104,HarrisonPark,H4,1209,12,-87.6744511084233,41.8571235977793,1200
105,HarrisonPark,H5,1210,0,-87.6740025763562,41.8574177395466,1200
106,HarrisonPark,H6,1211,57,-87.6736329710825,41.857557348447,1200
107,HarrisonPark,H7,1212,0,-87.6720742778167,41.85643493521,1000
108,HarrisonPark,H8,1213,41,-87.6717565905938,41.8564334599137,1000
109,HarrisonPark,H9,1214,50,-87.6716243649851,41.8563978815361,1000
110,HarrisonPark,H10,1215,80,-87.6714224195799,41.8564418830312,1000
111,HarrisonPark,H11,1216,104,-87.6712924845205,41.8564299418488,1000
112,HarrisonPark,H12,1217,109,-87.6712128973961,41.8563669809557,1000
113,HarrisonPark,H13,1217,89,-87.6711820669393,41.8562655517557,1000
114,HarrisonPark,H14,1219,53,-87.6711249585874,41.8561110353998,1000
115,HarrisonPark,H15,1220,56,-87.6711722190748,41.8560095193023,1000
116,HarrisonPark,H16,1221,45,-87.6714159127489,41.8559906858253,1000
117,HarrisonPark,H17,1222,17,-87.6716312714168,41.8560050489109,1000
118,HarrisonPark,H18,1223,32,-87.6717963543259,41.8559863556489,1000
119,HarrisonPark,H19,1224,73,-87.671991868898,41.856007202892,1000
120,HarrisonPark,H20,1225,115,-87.6720171153119,41.8561386094126,1000
121,HarrisonPark,H21,1226,101,-87.6719890260716,41.8562514014057,1000
122,HarrisonPark,H22,1227,0,-87.6713807013564,41.8571008385895,1000
123,HarrisonPark,H23,1228,0,-87.6713765272551,41.857164786,1000
124,HarrisonPark,H24,1228,40,-87.6714043262148,41.8572928071865,1000
125,HarrisonPark,H25,1230,65,-87.6713986867582,41.8574285096503,1200
126,HarrisonPark,H26,1231,14,-87.6713984758868,41.8575382278249,1200
127,HarrisonPark,H27,1232,219,-87.6713875065537,41.8576521674438,1200
128,IrmaRuizSchool,I1,1241,0,-87.6818968279405,41.8472136978425,1200
129,IrmaRuizSchool,I2,1242,16,-87.6819709946143,41.8473508528302,1200
130,IrmaRuizSchool,I3,1243,0,-87.6820386960569,41.8474715193585,1200
131,IrmaRuizSchool,I4,1244,17,-87.6820505764786,41.8476253640795,1200
132,IrmaRuizSchool,I5,1245,18,-87.6820415212916,41.8477913941538,1200
133,IrmaRuizSchool,I6,1246,24,-87.6820524394837,41.8479331488342,1200
134,IrmaRuizSchool,I7,1247,808,-87.6820503427537,41.8480859941495,1200
135,IrmaRuizSchool,I8,1248,13,-87.6820480028577,41.8482340857587,1200
136,IrmaRuizSchool,I9,1249,15,-87.68205822018,41.8483360783209,1200
137,IrmaRuizSchool,I10,1250,18,-87.6818379101279,41.8483628195825,1200
138,IrmaRuizSchool,I11,1251,15,-87.6816604306326,41.8483543165066,1200
139,IrmaRuizSchool,I12,1252,0,-87.6814310985523,41.8483805097149,1200
140,IrmaRuizSchool,I13,1253,22,-87.6812574852023,41.8484040246,1200
141,IrmaRuizSchool,I14,1254,0,-87.6810070736614,41.8483994901154,1200
142,IrmaRuizSchool,I15,1255,20,-87.6808115521001,41.8483739184653,1200
143,IrmaRuizSchool,I16,1256,23,-87.6807470061541,41.8482911901619,1200
144,IrmaRuizSchool,I17,1257,0,-87.6808180133103,41.8481435004444,1200
145,IrmaRuizSchool,L18,1258,0,-87.6807022604922,41.8479613878052,1200
146,IrmaRuizSchool,L19,1259,12,-87.6807377785287,41.847822638262,1200
147,IrmaRuizSchool,I20,1260,0,-87.6806999982144,41.8476676175764,1200
148,IrmaRuizSchool,I21,1261,24,-87.6808253491401,41.8475912009989,1200
149,IrmaRuizSchool,I22,1262,0,-87.6810576660002,41.8475396944984,1200
150,IrmaRuizSchool,I23,1263,17,-87.6812473349899,41.8474645039071,1200
151,IrmaRuizSchool,I24,1264,18,-87.6814077532055,41.8473714128809,1200
152,IrmaRuizSchool,I25,1265,0,-87.6816112282587,41.8473000596388,1200
153,SIMS,S22,1266,31,-87.6806907898778,41.8468024966279,1200
154,SIMS,S23,1267,62,-87.6800970734322,41.8469776661341,1200
155,SIMS,S24,1268,46,-87.6795965878251,41.8471838557473,1200
156,SIMS,S25,1269,0,-87.6790329372196,41.8473701821288,1000
157,SIMS,S26,1270,65,-87.6785046570489,41.8475926299916,1000
158,SIMS,S27,1271,47,-87.6779466287674,41.8478355684936,1000
159,SIMS,S28,1272,38,-87.6774367042745,41.8480070066257,1000
160,SIMS,S29,1273,29,-87.6768669705953,41.8482499426142,800
161,SIMS,S30,1274,22,-87.6764600560675,41.8483980104487,800
162,SIMS,S31,1275,35,-87.6753666787942,41.848767143101,800
163,SIMS,S32,1276,32,-87.6748300257265,41.8490195563785,600
164,SIMS,S33,1277,16,-87.6742799979509,41.8491977515014,600
165,SIMS,S34,1278,47,-87.6736044781352,41.8494782180804,600
166,Dvorak,D1,1287,60,-87.6535712541374,41.854936077519,600
167,Dvorak,D2,1288,14,-87.6535417135295,41.8549919958612,600
168,Dvorak,D3,1289,27,-87.6535563949124,41.8550732608421,600
169,Dvorak,D4,1290,13,-87.654641686717,41.8537553545878,400
170,Dvorak,D5,1291,18,-87.6545490326009,41.8536386811495,400
171,Dvorak,D6,1292,15,-87.6544645601608,41.8534985180222,400
172,Dvorak,D7,1293,0,-87.6544133950676,41.8533345166973,400
173,Dvorak,D8,1294,0,-87.6543263695612,41.8532433487587,400
174,Dvorak,D9,1295,23,-87.6542303911326,41.8530830848385,400
175,Dvorak,D10,1296,22,-87.6541149440225,41.8530060101299,400
176,Dvorak,D11,1297,19,-87.6540299849861,41.8528611121963,400
177,Dvorak,D12,1298,143,-87.6539537204017,41.852709063946,400
178,Dvorak,D13,1299,232,-87.6539365798085,41.852678636802,400
179,Dvorak,D14,1300,80,-87.6545055465525,41.8542918766056,400
180,Dvorak,D15,1301,50,-87.6543389158442,41.8542806868267,400
181,Dvorak,D16,1302,41,-87.6541675634111,41.854314536356,400
182,Dvorak,D17,1303,14,-87.6540075741708,41.8544038325882,400
183,Dvorak,D18,1304,0,-87.6538326009187,41.8544817697919,400
184,Dvorak,D19,1305,28,-87.6537100000775,41.8545811989107,600
185,Dvorak,D20,1306,0,-87.6535438098895,41.8546442980603,600
186,Dvorak,D21,1307,184,-87.6534090191689,41.8547304120913,600
187,Dvorak,D22,1308,180,-87.6532957083781,41.8548316171437,600
188,Dvorak,D23,1309,0,-87.6541240856742,41.8546771514884,600
189,Dvorak,D24,1310,0,-87.6543338307623,41.854673087977,600
190,Dvorak,D25,1311,0,-87.6542530737552,41.8544997334169,600
191,Dvorak,D26,1312,0,-87.6540948378849,41.854546541699,600
192,Paulina,T1,1408,83,-87.6688052249026,41.8596359482427,1200
193,Paulina,T2,1409,41,-87.6687537779206,41.8591916922605,1200
194,Paulina,T3,1410,509,-87.6686135326061,41.8586032346238,1200
195,Paulina,T4,1411,68,-87.6685771768817,41.8581594400311,1200
196,Paulina,T5,1412,19,-87.6686618147043,41.8575388446547,1000
197,Paulina,T6,1413,143,-87.6686101094738,41.8569872951975,1000
198,Paulina,T7,1414,0,-87.6685253500578,41.8564745045191,1000
199,Paulina,T8,1415,49,-87.6685508951674,41.8556616902398,800
200,Paulina,T9,1416,2058,-87.668697433506,41.8552945643447,800
201,Paulina,T10,1417,71,-87.6685793451797,41.8552866121517,800
202,Paulina,T11,1418,2028,-87.6685702578928,41.8552917638557,800
203,Paulina,T12,1419,775,-87.6686215870638,41.8548181659239,800
204,Paulina,T13,1420,490,-87.6686413861294,41.8543114017891,800
205,Paulina,T14,1421,160,-87.6684806002469,41.8537387186503,600
206,Paulina,T15,1422,303,-87.6684415101527,41.8533282147302,600
207,Paulina,T16,1423,584,-87.6684489598374,41.8528375328287,600
208,Paulina,T17,1424,40,-87.6686102564904,41.8521851926465,400