ObjectID,GlobalID,Date and Time,Notes/ Site Description,Sampling Site,Sample Number,pXRF Sample Number,Pb Measurement (ppm),x,y
12,7c2aa1ea-4b14-4c65-a8e5-6ca68e18adba,3/18/2026 9:00:38 PM,"Young trees, curb strip, ",FISK,F1,1077,45,-87.6495460506112,41.8524923318299
13,912c7f1d-c451-420d-836e-2c7093d13ea5,3/18/2026 9:07:32 PM,"Concrete facility, welsh",Fisk,F2,1078,125,-87.6507421407814,41.8524516110866
14,45c6ca1a-b25f-417b-abd1-aca0115b0a57,3/18/2026 9:11:36 PM,Entrance to Walsh cement facility ,Fisk,F3,1079,65,-87.6514439279208,41.852387802833
15,196be615-081f-4f6b-b7af-473ecd22f1ad,3/18/2026 9:15:05 PM,Infront of clarity sensor,Fisk,F4,1080,108,-87.6519543065899,41.852396008787
16,56515bef-4732-4f30-9f64-56218e0adc51,3/18/2026 9:18:38 PM,"Cermak and carpenter, infront of plant ",Fisk,F5,1081,142,-87.6529109410641,41.8524141510784
17,ac66a01b-cf8e-41bb-a4d7-cde5df0bf3c7,3/18/2026 9:21:32 PM,Railroad track,Fisk,F6,1082,51,-87.6535001036633,41.8524329283958
18,1ff4d37b-4e5e-487d-a7dd-cf4f7f0d0b22,3/18/2026 9:29:09 PM,"Along fence of Fisk, infront of Dvorak park ",Fisk,F7,1083,189,-87.6538414674055,41.8523527005099
19,87f8746b-40dd-4e8a-99d5-be58ea11318b,3/18/2026 9:32:52 PM,"Along fence of Fisk, across May and Cermak ",Fisk,F8,1084,171,-87.6545333940681,41.8523510525024
20,7f5887a4-2bcb-4bb0-afbd-5d18c22ca0f0,3/18/2026 9:37:49 PM,"By the fence of Fisk, in front of peaker plant",Fisk,F9,1085,210,-87.655476695066,41.8523384520927
21,3c9dee61-337e-4bff-b515-1551e65f79f7,3/18/2026 9:44:47 PM,"Near young adult tree, Cermak and Racine ",Fisk,F10,1086,44,-87.6561326503687,41.8523254204354
22,b635eeba-bcfb-4577-ad47-d66e3cda1e3d,3/24/2026 10:20:07 PM,"Along the fence           
",Cermak2,C1,1106,220,-87.6570336896896,41.8523334259865
23,8bb803ed-1553-4e42-ac9b-b70324f6ab8e,3/24/2026 10:25:29 PM,Cermak and allport 150 feet from c1,Cermak2,C2,1107,89,-87.6576916537015,41.8522962463795
24,03f2b302-b7bc-4da4-b935-7be7f2dbca14,3/24/2026 10:27:23 PM,"Cermak and throop
Find dog prints",Cermak2,C3,1108,110,-87.6582933472644,41.8522875251245
25,120fbc8c-2568-43dd-92d0-d1c3125a9f43,3/24/2026 10:33:36 PM,"Entrance to chitown soccer
Throop and cermak",Cermak,C4,1110,370,-87.6589561559113,41.8522998668251
26,47e30522-f733-45e0-ae10-4314c90255c9,3/24/2026 10:37:13 PM,"Wheats 
Find more foot prints 
Food truck parking lot",Cermark2,C5,1111,169,-87.6595599834776,41.8522685340824
27,5768031a-2115-4b27-8603-409727f9eeba,3/24/2026 10:40:20 PM,,Cermak2,C6,1112,149,-87.6601540767711,41.8522809937708
28,fd746590-6ee2-40e4-bf7a-cf846e7102d1,3/24/2026 10:42:42 PM,"By young tree
By bus stop 
",Cermak2,C7,1113,230,-87.6607411053061,41.8522763137341
29,faa187db-11a9-4343-89fa-7f5e64e4a4d7,3/24/2026 10:46:43 PM,"Parking lot
Behind bus stop 
Juarez HS",Cermak,C8,1114,196,-87.6614223291257,41.8523095748684
30,a028c3a9-db8b-4e68-a251-ca5c59845983,3/24/2026 10:52:13 PM,"Across from high school
",Cermak2,C9,1115,118,-87.6620398522323,41.8522632748888
31,db60624f-29c0-4b47-ae56-8c1e84494402,3/24/2026 10:54:11 PM,,Cermak2,C10,1116,161,-87.662670675693,41.8523077266511
32,d49356ef-3a57-4c46-9c44-f40526d074b5,3/24/2026 10:56:00 PM,Across juarez,Cermak,C11,1117,151,-87.6633021030255,41.8522931701468
33,f6058f4f-cb3b-486b-afc2-365a0b6d921c,3/24/2026 11:00:29 PM,"Visible train tracks 
Across juarez 
",Cermak2,12,1118,251,-87.6639552236047,41.8522529665958
34,318abb98-d54e-4f57-8374-571c1be62a71,3/24/2026 11:03:06 PM,"Across juares
Railroad track
",Cermak,C13,1119,517,-87.6646018607151,41.8522094360323
35,626eb640-bf4b-417f-b197-a2a7068cfa10,3/24/2026 11:05:00 PM,"Across juarez and next to railroad 
",Cermak,C14,1120,138,-87.6652346212573,41.8522048355436
36,dc83de97-3469-4e5f-aa27-c95052bec50d,3/24/2026 11:09:06 PM,"On railroad
 close by c14 
Across from juarez",Cermak2,C15,1121,308,-87.6652381812616,41.8522278264917
37,68d31b78-5384-45c8-8b48-739a5e2a826d,3/24/2026 11:11:22 PM,"Cermak and Ashland
Across juarez 
Busy corner 
Next to old railroad ",Cermak2,C16,1122,302,-87.6658139221207,41.8521502864868
38,8a53d040-11d3-4040-97a1-f8707d5f9e85,3/30/2026 9:14:44 PM,By Manjares north east lot medium vegetated adjacent to the BNSF line,SIMS,S1,1131,73,-87.6662596548656,41.8518965290486
39,4870dd24-1252-44ea-b7b7-4a09ed428845,3/30/2026 9:20:47 PM,"Under some mediums pebbles adjacent to large rock bed for train track, south side - 1.5 ft off the rock wall,  possible spalling",SIMS,S2,1132,281,-87.6667383127784,41.8516428731918
40,ccc9a4b9-4aee-44c1-86a1-0ae0183fdea7,3/30/2026 9:23:50 PM,South of tracks parallel to S2 adjacent to fence under natural leaf litter,SIMS,S3,1133,328,-87.6667030768363,41.8516504594645
41,eb6e6dbd-1c16-4404-8c15-18e1d90f2427,3/30/2026 9:25:45 PM,"150 ft from S2 offset both from the track and old railroad ties that dip into a gully, about 20ft from active railroad, south side",SIMS,S4,1134,585,-87.6671282431462,41.8512928005756
42,b7a6b60b-13ff-4e29-a310-6bdbfe7f43de,3/30/2026 9:28:24 PM,"150ft from S4 now north of SIMS and north monitor, medium vegetated next to old railroad ties",SIMS,S5,1135,133,-87.6676345086678,41.8510617320755
43,7d95d2a7-903b-4113-a5d6-91b4d21cae9e,3/30/2026 9:31:00 PM,"50ft east of S5 along the tracks, similar soil character, near old pipes — possible flow?",SIMS,S6,1136,742,-87.6675067131849,41.8511400075054
44,2c162ac5-16a1-46e1-a63e-caa7f519c7ba,3/30/2026 9:34:00 PM,50 ft east of S6 along tracks in front of the north monitor,SIMS,S7,1137,315,-87.6673422553954,41.8512207075259
45,fa559ef0-e1c6-4e7b-87f2-d7782c34e62d,3/30/2026 9:37:23 PM,"50 ft west of S7 still south of tracks, adjacent to old railroad ties",SIMS,S8,1138,116,-87.6678169931489,41.8509728105134
46,785610ae-e211-4e8e-8b3e-01aab88c41e7,3/30/2026 9:39:45 PM,"50 ft west of S8 similar soil cover, south of railroad ties",SIMS,S9,1139,178,-87.6679984669401,41.8509050302655
47,da2c6e46-b115-4286-886d-1de5850a11a0,3/30/2026 9:42:04 PM,50 ft west of S9 south of railroad tracks west of primary exhaust in front of SIMS near blue island & paulina,SIMS,S10,1140,317,-87.6681650032874,41.8508334588458
48,c1bd110b-f831-4eef-8dd0-841f96f2e4c1,3/30/2026 9:50:04 PM,"northwest corner of blue island and cermak and ashland adjacent to tree in the mulch (tried to sample out of it), street side",SIMS,S11,1141,97,-87.6666096566175,41.8521731700305
49,f2ae8553-e30c-473d-98b3-407886574b69,3/30/2026 9:53:19 PM,North side of blue island in the mulch next to a tree,SIMS,S12,1142,43,-87.6672163393184,41.8519885647887
50,bccdcb80-fe0b-4ec6-ad11-d9b5137e160c,3/30/2026 9:55:30 PM,"About 100 feet west from S12, mulch and near tree, north side of blue island, across from SIMS",SIMS,S13,1143,56,-87.6679154470881,41.8516909220646
51,5825777c-8dbc-410e-b1c3-c99607e0454c,3/30/2026 9:58:40 PM,"Weed block present, sampling under the tarp, west of Paulina & Blue island north side of blue island about 200ft from last site",SIMS,S14,1144,49,-87.6687988958354,41.8513398861008
52,9573bc83-e44a-4952-8ca7-4eef0ec73960,3/30/2026 10:01:17 PM,"Next to tree north side of Blue Island, tree looks older and no tarp present",SIMS,S15,1145,121,-87.669336580509,41.8511250849506
53,962751c1-4b5c-4973-b36e-36ccfb6574ec,3/30/2026 10:03:32 PM,"Tarp again, sampling underneath, north side of blue island 150 ft from S15",SIMS,S16,1146,111,-87.6699351422432,41.8508982720227
54,0a28258c-47c0-4bb0-906d-fa49b653cb04,3/30/2026 10:05:43 PM,"Under the tarp, next to tree, mulch present, 150 ft from S17 near Wood st",SIMS,S17,1147,91,-87.6705398092104,41.8506600489148
55,53d52784-4846-4dd6-a518-37cdaab5b8bc,3/30/2026 10:09:23 PM,"west side of Wood st 150 ft from S17 north side of blue island, layer of leaf litter",SIMS,S18,1148,81,-87.6713536097636,41.8503293584511
56,96abc833-2078-4e8b-bd51-b6d366d31e81,3/30/2026 10:12:09 PM,"Tarp present, 100ft west of S18 north of blue island with thick layer of mulch.",SIMS,S19,1149,39,-87.6720307581281,41.8500957360484
57,a2c11963-3382-482e-bc24-42ff4f7fa26c,3/30/2026 10:16:49 PM,"Between trees 
Along blue island 
Molch and vegetation present 
In front of tire shop",SIMS,S20,1150,110,-87.6725930092147,41.8498870779127
58,3d42bafb-7183-40ca-a283-6b2838252e69,3/30/2026 10:22:01 PM,"NE corner, Blue Island and Wolcott by old tree. Nearby elementary school.",Sims,S21,1152,44,-87.6732522392134,41.8496879357482
59,85c84fdd-2760-4bd9-bdbe-a410575bbf43,4/1/2026 9:21:28 PM,Welcome shed. South end near fence.,Paseo,P1,1160,0,-87.6498364470693,41.8541690064431
60,72a8c806-c580-4a35-8deb-8b5c03c41371,4/1/2026 9:23:16 PM,"Between garden beds, 20’ N of P1",Paseo,P2,1161,191,-87.6498324881654,41.854290889406
61,cb999337-b9e4-4760-8631-bc9b002f4ecf,4/1/2026 9:25:00 PM,SW corner of long row garden beds. 50’ N of P2.,Paseo,P3,1162,84,-87.649904282327,41.8544341097686
62,2b3535d1-b5bd-4a9c-88f5-1e9b1968bb8a,4/1/2026 9:28:19 PM,"NW corner of long bed, 50’ N of P3",Paseo,P4,1163,45,-87.6498910718426,41.8545404216871
63,8f901baf-1ea5-4828-a96b-70a19958c14b,4/1/2026 9:30:18 PM,50’N of P4 near center of pink block wall art structure.,Paseo,P5,1164,89,-87.6499427995139,41.8546958720188
64,fa2e588c-45f4-439c-9210-9f60005fd7ed,4/1/2026 9:32:09 PM,50’ N of P5 near toy castle structure.,Paseo,P6,1165,172,-87.6499445969091,41.8548654470443
65,f54cdf30-5919-42ea-885e-c66298bd662f,4/1/2026 9:34:00 PM,"50’ N of P6, grassy area near “refined design” sign.",Paseo,P7,1166,0,-87.6500157343355,41.8550126740147
66,c4179894-23b2-4ee5-97f1-25357268b705,4/1/2026 9:37:01 PM,"50’ N of P7, under picnic table. End of transect 1.",Paseo,P8,1167,19,-87.6499765701836,41.8551537595551
67,493f3027-fb0a-4c23-b8d1-2093f70643ac,4/1/2026 9:39:21 PM,North end of park 50’ E of P8. Start of transect 2.,Paseo,P9,1168,44,-87.6496998326352,41.8552075536566
68,8b2f5934-779e-4f3d-8377-95410a445990,4/1/2026 9:42:27 PM,50’ S of P9. Tree stump birdhouse.,Paseo,P10,1169,0,-87.6497535124494,41.8550523265076
69,84d332bd-f0db-4795-a730-e4f5c28701db,4/1/2026 9:44:30 PM,"50’ S of P10, past treehenge.",Paseo,P11,1170,0,-87.6497456790054,41.8549242843748
70,913fee9c-095a-4825-bdf1-b36bc702731b,4/1/2026 9:46:16 PM,"S of P11, near big purple fist mural.",Paseo,P12,1171,0,-87.6497277965386,41.8547662449278
71,b645d575-ae25-4d50-90ec-9b7b29cd02b8,4/1/2026 9:47:52 PM,"50’ S of P12, near silver gear of mural.",Paseo,P13,1172,0,-87.6496831941442,41.8546081994301
72,0104e1de-4967-4d03-a264-5437e9421ee7,4/1/2026 9:49:43 PM,25’ S of P13. South end near fence. End of transect 2.,Paseo,P14,1173,0,-87.6496920439072,41.8545941830063
73,c099646d-059d-41b0-8eb3-2922ca99dfe0,4/1/2026 9:52:56 PM,"50’ S of P14, along sidewalk",Paseo,P15,1174,134,-87.6497895875194,41.8543811679962
74,0a4b3ba2-4e46-4647-a47a-0ea0a54d65cb,4/1/2026 9:54:14 PM,50’ S of P15 along sidewalk just past small tree.,Paseo,P16,1175,126,-87.6497704054428,41.8542735491265
75,533a800a-3f94-47e1-9ebc-5a5e5873fe4b,4/1/2026 9:57:03 PM,50’ S of P16 along sidewalk near mini library.,Paseo,P17,1176,384,-87.6497247601075,41.8541317561453
76,2fa64754-c4e5-4202-98de-bfba3921261b,4/1/2026 9:58:44 PM,South entrance of El Paseo along sidewalk.,Paseo,P18,1177,101,-87.6497220295104,41.8540093459371
77,53403a79-f245-4135-97c9-3b7ac8f4e990,4/1/2026 10:00:45 PM,"Garden 1 SW corner,",Paseo,P19,1178,13,-87.649838674647,41.8541748820554
78,9114efba-bdb8-4b34-aa62-b1fc3d73e696,4/1/2026 10:06:33 PM,Garden 1 sample 2,Paseo,P20,1179,17,-87.6498861113481,41.8542261664273
79,01ceda97-26bd-4ed8-962c-a33f9c58c887,4/1/2026 10:07:40 PM,"Garden 2, E of garden 1",Paseo,P21,1180,0,-87.6498607945938,41.8542317462119
80,3ed98db8-44cb-4839-86ef-064e7a057949,4/1/2026 10:09:27 PM,"Garden 2, sample 2",Paseo,P22,1181,0,-87.6498374886609,41.8542439829909
81,403a9d0d-657a-4f05-bb29-ed628e043091,4/1/2026 10:10:46 PM,"Garden 3, E. of garden 2",Paseo,P23,1182,0,-87.6498522808856,41.8542242685047
82,ec7c501b-bb93-401f-8bb6-e15ab2f9becb,4/1/2026 10:12:09 PM,"Garden 4, bare soil, N of garden 1.",Paseo,P24,1183,28,-87.6498427520522,41.8542154807261
83,a1309663-b3ed-4449-a3f8-64c7cac373db,4/1/2026 10:13:45 PM,Garden 4 sample 2,Paseo,P25,1184,0,-87.6498602143181,41.8542408645867
84,7ef51fa5-8477-4062-962f-55a252656c3a,4/1/2026 10:14:38 PM,"Garden 5, E of garden 4, leaf litter on top.",Paseo,P26,1185,18,-87.649830140865,41.8542505764581
85,f75722ba-8582-4f75-bc22-2a4b21a07e62,4/1/2026 10:16:04 PM,Garden 5 sample 2,Paseo,P27,1186,0,-87.6498179819672,41.8542481182908
86,6383fed9-64ed-4c9d-bf60-69576c962edd,4/1/2026 10:17:20 PM,"Garden 6, E of garden 5",Paseo,P28,1187,11,-87.6498153889427,41.8542680141144
87,a216c819-58be-45bb-93fb-20a7060aa269,4/1/2026 10:18:35 PM,"Garden 7, north of garden 4, leaf litter",Paseo,P29,1188,0,-87.6498934471559,41.854274240698
88,bc6bca76-8eef-4902-96aa-5e2de5c9bd84,4/1/2026 10:20:05 PM,Garden 7 sample2,Paseo,P30,1189,47,-87.6498236265671,41.8542753741239
89,687922bd-cc84-45b0-93e0-7449cb076ea3,4/1/2026 10:21:53 PM,Garden 8,Paseo,P31,1190,16,-87.6498193413059,41.854259343149
90,52e5713e-0eb1-4cc7-9b0c-ffdc8e33de1a,4/1/2026 10:22:47 PM,Garden 8,Paseo,P32,1191,20,-87.6498265286293,41.854291220729
91,608fae68-ae1c-4afe-aa22-129fb265a75f,4/1/2026 10:23:44 PM,Garden 9,Paseo,P33,1192,0,-87.6498384241839,41.8542779176832
92,98d2bf81-afe8-4bff-94b7-67827dfca122,4/1/2026 10:24:51 PM,Garden 10,Paseo,P34,1193,0,-87.6498393754878,41.8543190501565
93,28596979-ea08-493e-9e97-6ef283712e41,4/1/2026 10:25:57 PM,Garden 11,Paseo,P35,1134,9,-87.6497918888416,41.8543471825541
94,a9c729a2-9f75-4bc6-95f0-92508e405143,4/1/2026 10:27:12 PM,Garden 12,Paseo,P36,1195,0,-87.6498093193727,41.8543548900742
95,0ce45b9b-07e4-4ea5-8a84-cde441ba251b,4/1/2026 10:29:45 PM,"Garden 13, S end of long bed",Paseo,P37,1196,15,-87.649866036553,41.854456495986
96,5eb48f32-a1f8-4215-bb2f-3946774bf661,4/1/2026 10:31:08 PM,"Garden 13, sample 2",Paseo,P38,1197,0,-87.6499367214281,41.8545601570983
97,01257bcb-a470-44c8-9822-fd54be804209,4/1/2026 10:32:00 PM,"Garden 13, N end sample 3",Paseo,P39,1198,27,-87.6498970165839,41.8545296120982
98,f5dfc1f1-9548-4939-9189-f44fcf02719f,4/1/2026 10:33:15 PM,Garden 14,Paseo,P40,1199,0,-87.6497724540745,41.8544859380368
99,4acd6360-b0c6-465b-b808-87a2ff7f2e23,4/1/2026 10:34:03 PM,Garden 14 sample 2,Paseo,P41,1200,0,-87.6498489411686,41.8544944172406
100,f8122b4a-f1ac-4243-81df-720999f8c05f,4/1/2026 10:34:49 PM,"Garden 14 sample 3, N end",Paseo,P42,1201,16,-87.6498493866354,41.8545545878853
101,ebcec712-4e3c-4cd3-a588-8d127c690825,4/6/2026 9:26:40 PM,Sidewalk SW corner near alleyway and Damen,Harrison Park,H1,1206,234,-87.6756663666565,41.8563453361468
102,1ee0695b-3ea2-4b6e-b76a-7953f4718be2,4/6/2026 9:30:09 PM,150 ft from H1midfiled (toward baseball diamond from baseball diamond),HP,H2,1207,12,-87.6754338014115,41.8565652622958
103,e8e54b8d-6bbe-4d07-8fff-28ad76e18fda,4/6/2026 9:32:53 PM,"150 ft from H2, toward diamond, wet field",HP,H3,1208,0,-87.6748992103895,41.8568208778793
104,3a108e36-324d-488a-adc6-a122ac0d3d82,4/6/2026 9:34:41 PM,"150 ft from H3, toward diamond",HP,H4,1209,12,-87.6744511084233,41.8571235977793
105,a8b38c61-7b9e-4742-af8e-20ab61b2e209,4/6/2026 9:39:37 PM,"NE corner of park near baseball diamond 2, 150 ft from H4",HP,H5,1210,0,-87.6740025763562,41.8574177395466
106,f8e9437d-1cf3-49a2-8e9d-2f4abb583b29,4/6/2026 9:43:04 PM,"NE Corner near road, 100 ft from H5, soil less wet",HP,H6,1211,57,-87.6736329710825,41.857557348447
107,4268d133-7a97-4f52-9560-6ccbf6a98dbf,4/6/2026 9:46:31 PM,"Playground perimeter, near sign",HP,H7,1212,0,-87.6720742778167,41.85643493521
108,3a14a183-e2aa-4133-9433-79c2a832aa28,4/6/2026 9:54:35 PM,50 ft East of H7,HP,H8,1213,41,-87.6717565905938,41.8564334599137
109,36cbb248-24ed-4a19-a76b-c3c593b1f35b,4/6/2026 9:56:15 PM,50 ft East from H8,HP,H9,1214,50,-87.6716243649851,41.8563978815361
110,90186bcb-1a1a-4c47-8aee-dcf9fb70f234,4/6/2026 9:57:30 PM,50 ft east of H9,HP,H10,1215,80,-87.6714224195799,41.8564418830312
111,325e0597-12a5-439e-b4fc-a5c24d64e190,4/6/2026 9:59:37 PM,50 feet E of H10,HP,H11,1216,104,-87.6712924845205,41.8564299418488
112,269201d3-0217-4c98-94a5-8b715e2d75a3,4/6/2026 10:03:00 PM,North east corner of park at tree,HP,H12,1217,109,-87.6712128973961,41.8563669809557
113,3d57d06d-c12d-4654-9da8-61f8025e2609,4/6/2026 10:06:00 PM,50 ft of previous south,HP,H13,1217,89,-87.6711820669393,41.8562655517557
114,da1764d1-1cbb-4987-867e-03a72d0be402,4/6/2026 10:09:13 PM,50 ft south,HP,H14,1219,53,-87.6711249585874,41.8561110353998
115,517ff0bc-b908-4ed8-aa54-a926ced67ae2,4/6/2026 10:10:00 PM,Playground perimeter near sidewalk 50 southwest,HP,H15,1220,56,-87.6711722190748,41.8560095193023
116,913dbc1a-bb79-4438-8e96-5c6a9282ff4d,4/6/2026 10:13:13 PM,Playground perimeter 50 ft west of previous,HP,H16,1221,45,-87.6714159127489,41.8559906858253
117,d201afec-35f6-42dc-bc39-e432ab5c6cc3,4/6/2026 10:15:36 PM,Perimeter playground 50 ft west,HP,H17,1222,17,-87.6716312714168,41.8560050489109
118,948b0c7e-b688-4513-8273-f3cf3f2c0f49,4/6/2026 10:17:22 PM,"Perimeter park , 50 ftwest of previous",HP,H18,1223,32,-87.6717963543259,41.8559863556489
119,ef1a6aed-4573-4fd2-898c-6ce5c6a90fde,4/6/2026 10:19:42 PM,,HP,H19,1224,73,-87.671991868898,41.856007202892
120,2fc569cc-7fa2-4133-9f5b-972870551e73,4/6/2026 10:22:23 PM,,HP,H20,1225,115,-87.6720171153119,41.8561386094126
121,3f4bf0d7-b92a-4ae6-bf19-8acb7d784c17,4/6/2026 10:23:26 PM,50 ft north of previous spot perimeter of park,HP,H21,1226,101,-87.6719890260716,41.8562514014057
122,dee56f8d-0eb3-4310-9cb5-69ab34dc1a5d,4/6/2026 10:31:29 PM,Basketball court adjacent by little garden. Transect 2,HP,H22,1227,0,-87.6713807013564,41.8571008385895
123,4564d73c-26df-40bd-865d-8e228fb4d727,4/6/2026 10:33:25 PM,"Little garden

",HP,H23,1228,0,-87.6713765272551,41.857164786
124,c9d482a5-43c4-460d-a014-4c15404d440f,4/6/2026 10:35:22 PM,Next to old ass big tree north 50 fro h22,HP,H24,1228,40,-87.6714043262148,41.8572928071865
125,25da02c7-655e-4033-a620-f1421cbcb6a2,4/6/2026 10:37:49 PM,50 ft north of previous,HP,H25,1230,65,-87.6713986867582,41.8574285096503
126,321db04a-5efe-4642-9975-9acba04e173c,4/6/2026 10:38:51 PM,50 ft north of previous,HP,H26,1231,14,-87.6713984758868,41.8575382278249
127,7f64dca1-49ec-4727-8591-1ee831ad8d22,4/6/2026 10:40:50 PM,You can also write we are by these old trees big trees,HP,H27,1232,219,-87.6713875065537,41.8576521674438
128,f9ff7974-426c-4754-b120-46fc1763d775,4/7/2026 9:13:18 PM,"School perimeter corner of Bell and Coutler, curbstrip",Irma Ruiz School,I1,1241,0,-87.6818968279405,41.8472136978425
129,475b218b-a83b-4fc6-b056-e6a0cce7134a,4/7/2026 9:15:31 PM,50 ft. North from I1,IRS,L2,1242,16,-87.6819709946143,41.8473508528302
130,8a76e689-5de8-40ca-b44c-98a8b2f05fc2,4/7/2026 9:17:09 PM,50ft north of i2,IRS,I3,1243,0,-87.6820386960569,41.8474715193585
131,df0cbb26-863a-46cf-8897-79c73fca5a29,4/7/2026 9:18:29 PM,50ft N or I3,IRS,I4,1244,17,-87.6820505764786,41.8476253640795
132,950f8bf4-dd78-463a-8dbe-fb299f392845,4/7/2026 9:20:14 PM,"50 ft N of I4, near playing field",IRS,I5,1245,18,-87.6820415212916,41.8477913941538
133,c928e136-e846-495c-89ee-2c405d39a4c4,4/7/2026 9:21:54 PM,50ft N of I5,IRS,I6,1246,24,-87.6820524394837,41.8479331488342
134,7e7d1548-4f68-4433-b153-864b3bf498eb,4/7/2026 9:22:52 PM,"Alleyway entrance, littered with debris(glass,black hard substance solid), near playing field,N 50ft",IRS,I7,1247,808,-87.6820503427537,41.8480859941495
135,93173bd1-bdc2-40b9-b6c7-3f195f146198,4/7/2026 9:25:54 PM,N50ft from I7,IRS,I8,1248,13,-87.6820480028577,41.8482340857587
136,923400f0-d8c6-481b-96e9-cea3393d79fd,4/7/2026 9:26:50 PM,"Mulch on corner of field, corner of 24th and Bell",IRS,I9,1249,15,-87.68205822018,41.8483360783209
137,adbaa557-ce33-42d2-b51a-be4a3c09059a,4/7/2026 9:28:58 PM,East of I9 on curbstrip near tree,ITS,I10,1250,18,-87.6818379101279,41.8483628195825
138,cf9a6611-8532-4921-b7d9-cb26270a3b2a,4/7/2026 9:30:18 PM,"50 fit E. of I10, on curbstrip near tree",IRS,I11,1251,15,-87.6816604306326,41.8483543165066
139,8403eb9b-da86-4e03-bcef-9fa3a2ba9b59,4/7/2026 9:32:02 PM,50ft E. On curbstrip surrounded by concrete near tree.,IRS,I12,1252,0,-87.6814310985523,41.8483805097149
140,fa68d05f-efe2-4b2a-b62d-6c379d0b5108,4/7/2026 9:33:41 PM,50ft E.,IRS,I13,1253,22,-87.6812574852023,41.8484040246
141,0deba130-3cb6-4145-8ab6-237dab0ac53f,4/7/2026 9:34:49 PM,50ft E. Near school fence.,IRS,I14,1254,0,-87.6810070736614,41.8483994901154
142,c79b263f-34b7-4087-978e-9bed1e6c954a,4/7/2026 9:36:12 PM,Near corner of Leavitt and 24th school garden,IRS,I15,1255,20,-87.6808115521001,41.8483739184653
143,c5beb700-2f06-4a5b-b7d9-08a367806b11,4/7/2026 9:38:00 PM,"South of 24th and Leavitt, on curbstrip",IRS,I16,1256,23,-87.6807470061541,41.8482911901619
144,d101b9d1-2461-4baa-8088-e3b3a3f90ad0,4/7/2026 9:42:26 PM,"50ft from i16- near front fence of park
Nearest soil from sidewalk",IRS,I17,1257,0,-87.6808180133103,41.8481435004444
145,8fd72212-7022-4deb-9e40-297e44198162,4/7/2026 9:44:17 PM,"Front of School, curbstrip",IRS,L18,1258,0,-87.6807022604922,41.8479613878052
146,db1d3ac7-09ef-4e92-a5a3-010185271cdf,4/7/2026 9:45:44 PM,50ft S of I18,IRS,L19,1259,12,-87.6807377785287,41.847822638262
147,7e4eb65a-4d33-46d5-8eb9-5df13af31584,4/7/2026 9:47:26 PM,Corner of Leavitt and Coulter,IRS,I20,1260,0,-87.6806999982144,41.8476676175764
148,2ef256e3-c916-4bd5-b6a3-386875d0a777,4/7/2026 9:48:36 PM,West of Leavitt and Coulter near small tree,IRS,I21,1261,24,-87.6808253491401,41.8475912009989
149,329fc427-3014-4f0a-b8ee-55af710a9cd1,4/7/2026 9:49:38 PM,50ft W of I21,IRS,I22,1262,0,-87.6810576660002,41.8475396944984
150,f4cf1e50-da02-4d48-9741-5c0426c4a0f6,4/7/2026 9:50:44 PM,Curbstrip W of I22,IRS,I23,1263,17,-87.6812473349899,41.8474645039071
151,ea026062-dd08-4aa3-957d-9c1ecf56080d,4/7/2026 9:51:37 PM,W of I23 curbstrip,IRS,I24,1264,18,-87.6814077532055,41.8473714128809
152,c6b4309a-f537-4fdc-9a3a-75df51eecd71,4/7/2026 9:53:05 PM,"Just over 50ft E of I24, curbstrip",IRS,I25,1265,0,-87.6816112282587,41.8473000596388
153,d78295da-39e3-4493-9159-a7f0ffa853bd,4/7/2026 9:59:02 PM,Blue Island and Leavitt NW corner,Sims,S22,1266,31,-87.6806907898778,41.8468024966279
154,e46807f6-bfa6-449c-b5b2-0a886d2747dd,4/7/2026 10:01:12 PM,150 ft NE of S22,Sims,S23,1267,62,-87.6800970734322,41.8469776661341
155,40aa3d3c-811d-413a-b0e3-32dcaabfdf33,4/7/2026 10:04:22 PM,150ft NE of S23,Sims,S24,1268,46,-87.6795965878251,41.8471838557473
156,563b75ad-40d4-47ec-8450-4df3210c85cb,4/7/2026 10:06:35 PM,150 ft NE of S24,Sims,S25,1269,0,-87.6790329372196,41.8473701821288
157,2328d19f-767d-4abc-83cf-87f9c3ea50cd,4/7/2026 10:08:33 PM,Just over 150ft past S25,Sims,S26,1270,65,-87.6785046570489,41.8475926299916
158,f50ce844-3dc9-4263-aba2-a3b299697e83,4/7/2026 10:10:29 PM,"NE 150ft, near Hoyne bus stop and tree",Sims,S27,1271,47,-87.6779466287674,41.8478355684936
159,9520fc31-e540-4bd6-a7f9-faeaea59d6e5,4/7/2026 10:12:21 PM,150ft NE frosted material in curbstrip,Sims,S28,1272,38,-87.6774367042745,41.8480070066257
160,3e98dc49-b01a-4379-abd7-aaba10aed0d7,4/7/2026 10:14:51 PM,150ft NE of S28,Sims,S29,1273,29,-87.6768669705953,41.8482499426142
161,8acb7cbe-6acf-4ae9-a8bd-47a17c7863f0,4/7/2026 10:16:01 PM,150ft NE nearing Damen,Sims,S30,1274,22,-87.6764600560675,41.8483980104487
162,4abbceb0-f9e4-4b7c-959d-4de47c797de6,4/7/2026 10:18:58 PM,Just over 50ft passed Damen and Blue island near small tree,Sims,S31,1275,35,-87.6753666787942,41.848767143101
163,09f9a26a-ad1b-4939-b2d9-06027911c90d,4/7/2026 10:20:25 PM,"Landscaping mulch, 150 ft NE",Sims,S32,1276,32,-87.6748300257265,41.8490195563785
164,e09f8fc3-c6ce-43f7-acaa-63cd016f4acc,4/7/2026 10:23:12 PM,Near tree where least covered by woodchips and mulch,Sims,S33,1277,16,-87.6742799979509,41.8491977515014
165,56ce897f-bbf4-4313-87d1-b0c3a5137788,4/7/2026 10:25:49 PM,"NW corner Blue Island and Wolcott, just over 150 ft NE",Sims,S34,1278,47,-87.6736044781352,41.8494782180804
166,9bb0173c-88d5-40f3-991c-cd55abdb0a12,4/8/2026 8:38:11 PM,Playground ,Dvorak,D1,1287,60,-87.6535712541374,41.854936077519
167,4a569f66-9bc4-4a0c-b204-f104f0bb3731,4/8/2026 8:40:57 PM,Playground with woodchips,Dvorak,D2,1288,14,-87.6535417135295,41.8549919958612
168,1adaef72-74d1-4647-acbb-2d6c1c14b8e8,4/8/2026 8:42:04 PM,Playground with woodchips,Dvorak,D3,1289,27,-87.6535563949124,41.8550732608421
169,cede2cdd-4452-44d8-9267-54a0993fe888,4/8/2026 8:47:44 PM,Transect 1,Dvorak,D4,1290,13,-87.654641686717,41.8537553545878
170,be4cb655-d7ef-4d65-915e-d7ae393a89e0,4/8/2026 8:49:44 PM,Transect 1,Dvorak,D5,1291,18,-87.6545490326009,41.8536386811495
171,e629aab2-14c4-4716-a240-642efa6fe17d,4/8/2026 8:51:30 PM,Transect 1,Dvorak,D6,1292,15,-87.6544645601608,41.8534985180222
172,dbe88dce-dd9f-4207-8dd4-bff2fb2e8b0a,4/8/2026 8:52:46 PM,Transect 1,Dvorak,D7,1293,0,-87.6544133950676,41.8533345166973
173,2073bdb4-6e81-4938-9957-35dc78969152,4/8/2026 8:55:22 PM,Transect 1,Dvorak,D8,1294,0,-87.6543263695612,41.8532433487587
174,b5a8f76f-28ed-449c-a28d-d87b83b136c6,4/8/2026 8:56:20 PM,Transect 1,Dvorak,D9,1295,23,-87.6542303911326,41.8530830848385
175,c2ea808b-c102-4b5d-892b-b8ec3a16260e,4/8/2026 8:58:00 PM,"Transect 1, 7 cartwheels in a row from Louis, 5 from Ari, 0 from carrie",Dvorak,D10,1296,22,-87.6541149440225,41.8530060101299
176,786f052f-f83b-4249-8a55-09fd729280db,4/8/2026 9:01:29 PM,Transect 1,Dvorak,D11,1297,19,-87.6540299849861,41.8528611121963
177,f96ba8c7-4fc1-4ce6-96d0-824fddb5b5ed,4/8/2026 9:03:07 PM,"Transect 1, pretty close to Cermak and FISK",Dvorak,D12,1298,143,-87.6539537204017,41.852709063946
178,fcfcbcce-3148-4a0f-8727-6171de098038,4/8/2026 9:04:00 PM,"25 feet from D12, transect 1, close to cermak across from fisk",Dvorak,D13,1299,232,-87.6539365798085,41.852678636802
179,ee458fbc-466d-45d0-93af-89a482f51855,4/8/2026 9:12:45 PM,Transect 2,Dvorak,D14,1300,80,-87.6545055465525,41.8542918766056
180,9473a6e3-e099-4af7-8b56-6d32905b8d94,4/8/2026 9:16:44 PM,Transect 2,Dvorak,D15,1301,50,-87.6543389158442,41.8542806868267
181,61302197-08b7-49ad-b4a2-88d8a40b79e1,4/8/2026 9:17:58 PM,Transect 2,Dvorak,D16,1302,41,-87.6541675634111,41.854314536356
182,8356d489-b8f3-452c-b4f9-99f15b4aabf3,4/8/2026 9:18:48 PM,,Dvorak,D17,1303,14,-87.6540075741708,41.8544038325882
183,a62edbf4-a386-444a-bdbd-bf4085dbe254,4/8/2026 9:20:35 PM,Transect 2,Dvorak,D18,1304,0,-87.6538326009187,41.8544817697919
184,856f9a90-635b-4b28-8432-0323dab86bfe,4/8/2026 9:21:04 PM,Transect 2,Dvorak,D19,1305,28,-87.6537100000775,41.8545811989107
185,9f26b4bc-31e3-488c-8736-8892d5d5bb7e,4/8/2026 9:22:00 PM,Transect 2,Dvorak,D20,1306,0,-87.6535438098895,41.8546442980603
186,8abc3da0-41e8-4c26-8adb-5f46abc59488,4/8/2026 9:24:03 PM,Transect 2,Dvorak,D21,1307,184,-87.6534090191689,41.8547304120913
187,aafcde02-a051-47c0-8054-30f3a989b51e,4/8/2026 9:25:08 PM,Transect 2,Dvorak,D22,1308,180,-87.6532957083781,41.8548316171437
188,71155fae-5d9c-4b5a-8fe3-7d61ea76cb52,4/8/2026 9:30:05 PM,Baseball diamond third base,Dvorak,D23,1309,0,-87.6541240856742,41.8546771514884
189,7711e0e0-c660-47b5-a872-41e52d1d0151,4/8/2026 9:31:13 PM,Baseball diamond home plate,Dvorak,D24,1310,0,-87.6543338307623,41.854673087977
190,186f61b1-3c4b-4feb-b594-27477bd74518,4/8/2026 9:32:24 PM,Baseball diamond first plate,Dvorak,D25,1311,0,-87.6542530737552,41.8544997334169
191,aaed74d8-cd29-4b68-b6ac-4e683bfccf82,4/8/2026 9:34:01 PM,Baseball diamond second base,Dvorak,D26,1312,0,-87.6540948378849,41.854546541699
192,6ed7f47f-f0b3-4e10-83f7-6006f398721a,4/13/2026 9:41:08 PM,"Paulina and 16th, near bridge, under train tracks, soil surrounded by weeds and leave litter",Paulina transect,T1,1408,83,-87.6688052249026,41.8596359482427
193,abd0538f-ebf3-4ee2-869c-56cf0c112dd6,4/13/2026 9:46:37 PM,"100ft from T1, under a old tree, curbstrip",Paulina,T2,1409,41,-87.6687537779206,41.8591916922605
194,98f1fee6-eed4-4162-8011-aac141486314,4/13/2026 9:49:00 PM,"200ft from T2, by a stop sign and new tree, curbstrip",Paulina & 17th,T3,1410,509,-87.6686135326061,41.8586032346238
195,80b35298-febf-4107-86b5-5f98b09cf6f1,4/13/2026 9:52:00 PM,"Gas station yard, 150ft from T3, lots of plastic around soil,",Paulina & 18th,T4,1411,68,-87.6685771768817,41.8581594400311
196,55d16c83-fc91-49c8-a29f-93d904974a10,4/13/2026 9:56:05 PM,"150ft from T4, on curbstrip square, near a young tree",Paulina & 18th,T5,1412,19,-87.6686618147043,41.8575388446547
197,ee58cd56-79da-4a8d-95f7-f8a123bb5760,4/13/2026 9:58:22 PM,"In middle of church and school lot, by a small tree, landscape fabric in soil, ",Paulina & 18th,T6,1413,143,-87.6686101094738,41.8569872951975
198,23990229-4354-4a32-bb7f-777e6ed9dfaa,4/13/2026 9:59:32 PM,"150ft from T6, next to sidewalk and fence, by a school",Paulina ,T7,1414,0,-87.6685253500578,41.8564745045191
199,ea2d381b-c8b1-4a68-b954-93da81ab09c9,4/13/2026 10:03:43 PM,"Curbstrip, 200m from T7, by a tree with decaying debris",,T8,1415,49,-87.6685508951674,41.8556616902398
200,d67d5098-e9ed-4b7b-8865-34131bb1128c,4/13/2026 10:04:48 PM,"By an old tree, curbstrip, over 150ft from T8",Paulina ,T9,1416,"2058,",-87.668697433506,41.8552945643447
201,3c258bf8-f668-4b00-80b6-cf15bfa3ea49,4/13/2026 10:08:16 PM,"Sam curb strip has T9 done above roots,",Paulina & 18th,T10,1417,71,-87.6685793451797,41.8552866121517
202,1b4e6c4d-a444-4736-aaa3-7bae76996e32,4/13/2026 10:08:40 PM,"Same curbstrip as T9 and T10,",Paulina & 18th,T11,1418,2028,-87.6685702578928,41.8552917638557
203,cc8abb18-2f24-47ce-9cdb-b11febc884ae,4/13/2026 10:11:02 PM,"Curbstrip, by tree with landscaping fabric in soil ",Paulina & cullerton,T12,1419,775,-87.6686215870638,41.8548181659239
204,8ea06294-d8cc-4a15-acb7-7f7c6bb3efb1,4/13/2026 10:15:02 PM,"Next to young tree, curbstrip",Paulina & 21st,T13,1420,490,-87.6686413861294,41.8543114017891
205,a2dcb7b7-cb85-4a8f-829d-9d45b70bdcb0,4/13/2026 10:17:59 PM,"Curbstrip, next to old tree, about 150ft from T13, next to sick mural",Paulina & 21st,T14,1421,160,-87.6684806002469,41.8537387186503
206,b7b67722-db37-4bcc-b349-4b9126d15dc6,4/13/2026 10:20:36 PM,"Curbstrip, 150ft from T13",Paulina & 21st place,T14,1422,303,-87.6684415101527,41.8533282147302
207,a25494fb-4f8d-4d02-8d09-9120e5ab8e63,4/13/2026 10:23:00 PM,"Less 150ft from previous site, by a medium sized old tree, curbstrip",Paulina & 21st place,T16,1423,584,-87.6684489598374,41.8528375328287
208,45881045-3974-4d2e-b0bd-78721e0b4ebf,4/13/2026 10:25:23 PM,"Curbstrip, by a bus stop and intersection,",Paulina & Cermak ,T17,1424,40,-87.6686102564904,41.8521851926465